path	size_bytes	sha256
.gitignore	261	8040eca90b2c2543b615cde6cc53a0ca4222dfc0b3e63b64b1696eba390ba073
AGENTS.md	532	1f741ad458913d351177c82abaf1d90e4b6a191b298d3845641dd4c664db97bc
LICENSE	1092	d9e0d8b9c2a8dfea847d812af80f5800f513c458af64c77187dd618aea49c634
Makefile	2269	eada906c811adea63f68980ddf5cc0827df3025fd6d4c68b1771c890ee1edd5b
NOTICE.md	493	2d7a7cae6fa0865bbb350e9029f5b3ea9888a1ab9e7f4ccee9539d1b5f293770
PROGRAM.md	8802	35ec8fc783a96f56e5491680b0e2ead1158bce7c1f992487cc23d8f2d7512526
PROJECT_CHARTER.md	3023	55aac4768e3841e7b3053c544ff5d7b422e1a4c1215b3e338378016d89041b38
README.md	5887	fe0f62783c19f27eb2f3d2286ca949a97cb144681b4414bb23ab065af6f8e4d0
RECOVERY_MANIFEST.md	4005	c41c7b14f363c7923da71701ccd6ff923b0d044df54f8ad860b074ee8c88e26a
archive/superseded/runnable-suite-v0-100/README.md	921	cc8d7176838b558a7e87e3a03b896264aa0fdfab3653fdb7140a0bcd5565c046
archive/superseded/runnable-suite-v0-100/docs/adr/0012-reference-success-band-35-to-70.md	1348	6f544cfe3ba61b26e0d9e1cd9b4a81a2c61123d3137f34d5658135e46c9aa89e
archive/superseded/runnable-suite-v0-100/docs/adr/0013-runnable-evaluation-suite-v0.md	2027	7fbcce3e59b155e7437e532f350ca992b95347d3bf07e646bc0d08980bea3dc4
archive/superseded/runnable-suite-v0-100/docs/evaluation/RUNNABLE_SUITE_V0.md	2899	10406b214f876cb1d647538df65cbdce11f105e04d06839edf074656b508652a
archive/superseded/runnable-suite-v0-100/eval_harness/README.md	2081	65b8689489edd523ad32d0a7077a1a53ef2450948dd78e0536056ad00e672a5e
archive/superseded/runnable-suite-v0-100/evals/catalog/tasks.csv	26026	e7861c52371d6f6ae3c55537ea2e7b421c6761d2b983ae5f321e28597dab9fe2
archive/superseded/runnable-suite-v0-100/evals/catalog/tasks.jsonl	281940	053fa37ab86227faf46aa56d117bd96c8a49a57c90a5d17562ca4fee5f3bf590
archive/superseded/runnable-suite-v0-100/evals/suites/primary.json	4556	67a90b167717fd08764f468041408b79d0dd51dc6b3ba1c3f4a5d1103321c0d5
archive/superseded/runnable-suite-v0-100/evals/suites/regression.json	1676	9167bed3b579f0d44abd5672ac2e9ac934aceeedc0e71a6cbbb7a7f49b8023af
archive/superseded/runnable-suite-v0-100/evals/suites/smoke.json	1621	27dded672cd9c0f5015730cba5586c693c6e1dc97280587c7e2b60fce8f68ba6
docs/AGENT_HANDOFF.md	6664	7ee2c081d94baf61c63d19a31ee85f96e04a45a730def445012b889dccc04596
docs/AUTO_RESEARCH_IMPLEMENTATION_LEDGER.md	9314	4076e0f52571894a1c1410a483e476ee8d6ea2588c9f2c2337098f2bb8ecc9f5
docs/AUTO_RESEARCH_REVIEW_PROMPT.md	2731	e98cc01aa450092fb9a882569609f5a4cc03678aa4ffbc12a4fcfd35d34be1b6
docs/BRINGUP_RUNBOOK.md	10715	57ea1836add1ba59d9142299aa7cd410eea2df6d87d356d26eabcecf50741714
docs/DECISION_PROCESS.md	2081	2a7018e8cfa170c584e6d1dc5fb2fa97dcafd5464467a787cdb7bf531fb1fceb
docs/DECISION_REGISTER.md	3821	ffcb8887421787ae928d3f48716d1f45046f833e96cd0d75cb9166197dbbdc33
docs/DECISION_TIMELINE.md	10804	f3679a311f8b77568ac7e536724e035b48a1116669b13d1bfc632c7e09011be7
docs/OPEN_QUESTIONS.md	3931	465e37e1c160b6c39e0b3ddd1edcc2e729e46714d5d01d5c35a47ddf389e1865
docs/PRE_RESEARCH_WORKSTREAMS.md	7377	808227e439bf2331adc0ac046b0b576903d921ea0d5433684cfe3e2bf0f6b1ab
docs/README.md	4395	82a9ce789142fb8e9670e365a7b63195bd6b6618edba5a9d8484956b4698f444
docs/REFERENCES.md	2773	fea5ea6894faedb28359e34ba0e03d91a92d6cb7c8763a3e8e7063d07deaafe9
docs/REVIEW_GUIDE.md	4065	2aca50c8889bc2167f3429ba4a17b7dc5e9e0183511c6adadd16aaf841562e0e
docs/ROADMAP.md	5392	ceab1e7d99f9613329854973a53d75e182350f7960decaf6cb80722f92a2774a
docs/TASK_DATA_GUIDE.md	6518	bc952ced36273da371f6dbdc12d6889732dd448bed6694f75f879f1eb6c325f4
docs/adr/0001-project-constitution.md	2045	94c85eb2c6c870de88f6106fb4c79a039c0ed8980a3488de25f3d115487c98c0
docs/adr/0002-shared-substrate-and-lane-boundaries.md	1503	17fa52e46e25c4dab32d832e9aee12ef76574bbfef3315bd9ecae2e02d6e2117
docs/adr/0003-initial-browser-backend.md	1941	7027c202c4294c88d4907caa0fb5a6b5951c3fe25aa45891eb13fa2fd8649265
docs/adr/0004-trace-storage.md	4661	12f4ed15db0995735bfe62ddf38e0a1e3bee70cbd4668b91ba6ff010bd13581a
docs/adr/0005-experiment-gating.md	6836	f263598a80ee0c5c0eb45be49d873a62f5da0d34cfb91313e921a0a2ec21a394
docs/adr/0006-live-site-testing-policy.md	1569	9d0b7c25db11eab1519b2c5be23707e4652f577dbe154a3d3bad766dc6c2776c
docs/adr/0007-nested-smoke-suite.md	4009	6fbc402490484eb5e40d308b6348d295606f194a08785f32e0d93bff8571d029
docs/adr/0008-primary-benchmark-source-shortlist.md	8637	8d92ddab7decbc35be06a64f45b0dabd1c1eabc7d436a0f04fddddd9fb9e1a45
docs/adr/0009-regression-suite-seeding-and-promotion.md	2624	f1c46367868b04a218c877e248dd512443a6ccb096038d1811adc6b838c49d59
docs/adr/0010-task-difficulty-calibration-band.md	1470	ca5958bbdda05416e9a2b688f2c0d302c58ce9979688235ae2a38ab7b86ab86f
docs/adr/0011-minimum-success-floor-for-task-candidates.md	920	11cb9f6c1daa11a4c0af44060b8545751283c748293395d1f371d6c0abb90164
docs/adr/0012-reference-success-band-35-to-70.md	1438	0846e325a9e8af3ba8b9d3ebb8dd5c15777ca18a94218379cdf388b70860e6dc
docs/adr/0013-runnable-evaluation-suite-v0.md	1417	0101f3d9ed10fc5c0eb68c25933ea5373e7333cee1867eb8a2d4a1c4a0520a17
docs/adr/0014-run-all-140-candidates-before-filtering.md	2336	4854698363d7e3288c40cbb7561a0188482ed3bfe53e9655b43c93530f391489
docs/adr/0015-auto-research-loop-architecture.md	16864	eb46eb57d89d1a27659d3af1e45778b3aaf7aeaf6512834e9b034418ccb892e1
docs/adr/0016-judge-panel-and-verifier-audit-protocol.md	8573	b6d40f720e30899fa514771e4340644588ef27d80e34c2e1e3ffa0285c5a1390
docs/adr/0017-model-and-infrastructure-pins.md	3947	4036cc6f69bef96d3cc4923414460cffb5717241f3c0564d7703839afdc8515c
docs/adr/README.md	2443	521a21d7099d20807c3d5b4da65e974865a39d72fd60859050f67fe5b28b583a
docs/adr/TEMPLATE.md	332	78ccd367da09e367f056b23c7061f5a92efb1f0a278af7a1bf609f1aea24081f
docs/architecture/ANALYST.md	5319	12b6eab26f63f6e492865e991aee63da0904ddbe6883b935d5f80980c20373c9
docs/architecture/COMPONENT_TREE.md	7397	ff71cdcf2379fbbfd5c0772eb6601993944aad62ed062007a49f58bcd439599e
docs/architecture/OVERVIEW.md	2525	2389b217ea69a221072302c5cd5177d9240247a279f4517bc250ac5113e8de45
docs/evaluation/EVALUATION_PRINCIPLES.md	2459	997079196d46c508f94cfced015bafbce93df2f8c335b34203d70d9e19e5f0ec
docs/evaluation/RUNNABLE_SUITE_V0.md	3735	afe719c2e6a8c7772cce5ca9b44e472fc7fdf5fdeb981889f4682e9125b41e63
docs/evaluation/SUITE_PLAN.md	2503	91a79ef2d7b28021741dae5a68151c0a0bb917af27d885d8d9d0adc1730d17d9
docs/models/CANDIDATES.md	1695	34ca1a502298f74df5f34f15458fa923dff33819ca6aec7d327ed801ce3d49bc
docs/review-prompts/PART_1_FOUNDATIONS_AND_BRINGUP.md	13796	761a7a3d3b9b1b6c042dc0c581c6bb393a89a0198537365139ad85b981b1c752
docs/review-prompts/PART_2_RESEARCH_LOOP_AND_CONVERGENCE.md	17017	2dd1ccac5d0d5aea6e63b3be813b228b940891a8221743bbd59e27ce7a3bcd41
docs/review-prompts/PART_3_SECURITY_AND_OPERATIONS.md	16327	a49c0ae27d10988954d76888b578887d54f408dcddb305bab75931593aaa43ed
docs/review-reports/README.md	1241	cd3c5054da08f289c34c05d411306974d343450ec0e4c73d1bdeb1d1f508c647
docs/review-reports/opti-audit-part-1-foundations.md	53799	94edee482892efeb21ca7448a36cc5b5481e6d4f88df587b7a46aebad556f696
docs/review-reports/opti-audit-part-2-convergence.md	52227	103e2e25aaa5d4e2bf2edf607cd946be8d493f7632423144240782f34be5e1f8
docs/review-reports/opti-audit-part-3-operations.md	72828	f5a739b7d44ed34aebc3fb5c3cbf62910dfd78f0721bc92cb62a6e29124aea58
docs/safety/LIVE_SITE_POLICY.md	1620	f4b0e6e53eb3f2c3f396271740933dc659b8ed1d78c3cf80cac6fecab78adc00
eval_harness/README.md	4225	d3416985dfd27d4b04c585be4c77986ecb58e4c2928c9118e1a192cfbe797ed2
eval_harness/examples/fixture_bridge.py	1365	c05b44b4ecd83704d02470942635784b2dabe74cf606bb3570a9797cd6b89a97
eval_harness/pyproject.toml	510	99a47a5f1999f22e58365e1fbd818c202899463bdfc1c4aedb9d5cb6fce14754
eval_harness/src/opti_eval/__init__.py	66	fa01b026fa9990406432b97f3388ab5bf4774cbc7d27adf7d5ae7d1b68546129
eval_harness/src/opti_eval/__main__.py	48	935a1c1166b0c1ea35a82256345000bf2c73ded718d77773bc27a71ecce28f7d
eval_harness/src/opti_eval/adapters/__init__.py	70	99b211e9bfae81e18fecaaebb90a23ca06c9a98d21502a3b1db92505f87a0caa
eval_harness/src/opti_eval/adapters/base.py	591	33d74e3463151426234d1e430f88b001b53b0899a06201143b702a48a0d2b1ef
eval_harness/src/opti_eval/adapters/command.py	6314	6d727ef6460684c2fc94578619a9ac3b1b22e643aadbe210942560c289f4a585
eval_harness/src/opti_eval/adapters/fixture.py	1719	f8b255f9bc268e2d4294a6e7b3d87220b4c2739bce03040a56e503a1d3c837c1
eval_harness/src/opti_eval/adapters/registry.py	3183	f151f23363060c91baef8557a5a9f08554c11a7b4a491bd8d428f8fda73da312
eval_harness/src/opti_eval/catalog.py	2787	454ed88182e5dd778645217bf1d4f8d65f27d21e5de7c7ab0cbf399de434cb7f
eval_harness/src/opti_eval/cli.py	6861	d1dc4371d0bfbf3a74c2a9b5cae8d5da355b2c3da78cdc734959027289782f49
eval_harness/src/opti_eval/doctor.py	1652	5021aa9bd3b6c153fc983e906c1cfa2ae9ef85395c2501cc6ca360b4be168e96
eval_harness/src/opti_eval/errors.py	291	6a98119ad89bdc5c68bed928d606d362dc804faa3259d0f2de68f265ef4a089d
eval_harness/src/opti_eval/models.py	3371	841fd25fa77089757ab6ce61545945eee3457ad8292e06edcf9c20868846bba6
eval_harness/src/opti_eval/paths.py	1225	8315ad0dc3186e44fd8cd1ba286874a4a6023c42bf87ab8b8c9e0c5d08f7390c
eval_harness/src/opti_eval/runner.py	4301	256f0896f42374a1a38db0d40b6c51173c94a84f9ee2df50c914716fb8e3a164
eval_harness/src/opti_eval/summary.py	6428	9262bdd3cb46c24c7d1e120e7690efb3cf6b803da1eee6dd0775ff57775c7031
eval_harness/src/opti_eval/util.py	2422	5864507b23838d439da546c34385b1205dfc78a958139fa7bc07ece5ab2db176
eval_harness/src/opti_eval/validation.py	6729	24c86b5238f9cd8023ac2321df297e7f68b74dc4d5092868e70ef9748bc31828
eval_harness/tests/test_command_adapter.py	5250	fd1c4af56c56b4c5ea9040c7ab29d7c170a94e673641e1bf875ea7b506b5821e
eval_harness/tests/test_fixture_runner.py	1266	b7eaa0447e17b9af0011a892b9028efc61766d1d99af3e6661995b12bcef4daf
eval_harness/tests/test_repository_validation.py	735	c9509b84d0f2c938a18f60010cbea9806bf321b906e13516d2d6541dbaa359a6
eval_harness/tests/test_summary_replay.py	6690	4f4a60ed5f753992e80e2dce9b60b1ecee909193b97b6854bafe5042d557b31e
evals/catalog/README.md	2061	86043e41b4f9e99c906f826d1f53a96deff66c0bdcd838f7b7a240e042309344
evals/catalog/by-id/real_v1/real-v1-dashdish-10.json	4302	fa3c6f2f373809dc2876394c447ed0b62edd11c25ff8fc42dcd135becf16c55a
evals/catalog/by-id/real_v1/real-v1-dashdish-4.json	4108	9f0eede66e123bde0e94071972a94f1b1e14064eb0d86242e70338105954ece7
evals/catalog/by-id/real_v1/real-v1-dashdish-7.json	4166	c118b97cd13185a22d40f314a68f89f363bb7c9f793f218bf0245c2cff23dad6
evals/catalog/by-id/real_v1/real-v1-fly-unified-4.json	4701	ba33e4c0fa9a4a42fa31af81b550866e4356a6f72ac63bc0b760cf04d8af8956
evals/catalog/by-id/real_v1/real-v1-fly-unified-5.json	4478	b7d05400ddbb111597ce0e4775b7ff8880f3c889f6df4d6de30e34e263697444
evals/catalog/by-id/real_v1/real-v1-fly-unified-6.json	4554	345bcc276837fc776f5da3a3a6641e6a0be0c32fcfb26b861e6e4265b1313af4
evals/catalog/by-id/real_v1/real-v1-gocalendar-1.json	4066	a20ab7319a558df1388ff40d868f962f542b9da04224286f5e130257d7e8d338
evals/catalog/by-id/real_v1/real-v1-gocalendar-4.json	3967	6e180778a8053ab2188ae770404a236e13543411f0b1378316c74401998a2a2d
evals/catalog/by-id/real_v1/real-v1-gocalendar-7.json	4013	6d0da3f4c524df755809dc39ae2050e9679a8b02351dbdf1df248d7d390a11d7
evals/catalog/by-id/real_v1/real-v1-gomail-7.json	3990	03391a6ff647c8a708b196b44cc5680e0862bc26dcdc34119cc948cc2f842ab5
evals/catalog/by-id/real_v1/real-v1-gomail-8.json	3860	807ef3361c71807b3225c2efa906fb54d50c8e11eacf4a7def11cc81ebec6e3d
evals/catalog/by-id/real_v1/real-v1-networkin-1.json	4085	e28a1972817445c4c954e282de93b1819d0d2507968cfc8294f46045191fd029
evals/catalog/by-id/real_v1/real-v1-networkin-10.json	3948	2b8ac585796bba2aa398b4a6268887cf917c74d6b7bccd6e9fa338702b85a7a8
evals/catalog/by-id/real_v1/real-v1-networkin-6.json	4004	75de7e1d499ae481df2ef1a5772536f60ba313f02a82b71cfa6b1e667b2658a3
evals/catalog/by-id/real_v1/real-v1-networkin-9.json	3959	9713a919786014b8b2780950f24fa3ea9474f82ecac2f76f0f65a1b9806fecbc
evals/catalog/by-id/real_v1/real-v1-omnizon-10.json	4129	da133feb2aef186355c0b1ab4fd3b5a0056acbb7976a05ac15284ff3f458c546
evals/catalog/by-id/real_v1/real-v1-omnizon-2.json	4084	9ffb573d3e3d37e7154a9f7577c825b12500a7af6dcf887ca65632dbe1eaa01c
evals/catalog/by-id/real_v1/real-v1-omnizon-4.json	4272	bf1ed1dfc9cf6223107ff82e59b77cfd842c11c38bbdd197a7fd802a22fdbf45
evals/catalog/by-id/real_v1/real-v1-omnizon-9.json	4444	c65f9eed0961ed07b40067224bbd6bfe12e3c55279b908f094ce261aabccbbb6
evals/catalog/by-id/real_v1/real-v1-opendining-10.json	4163	ba1f594ff3e7234a15f34c51c6622de687ec040a1ccd3ed1729f1c001d51e1f0
evals/catalog/by-id/real_v1/real-v1-opendining-4.json	4411	c1f86a72fcd8aef13323b3708cb25a6868347d08388a909be01ecd1ec4c5e2cc
evals/catalog/by-id/real_v1/real-v1-opendining-5.json	4243	9ed7421b78bd9f1705e171416f06c58ff9bdb1acd7408f85a22734ce8fe695be
evals/catalog/by-id/real_v1/real-v1-staynb-5.json	4417	5d1c988b708e684c262dad59d4dec9239345e2dedf11ab09cfd0f3b7e24ffae5
evals/catalog/by-id/real_v1/real-v1-staynb-6.json	4081	a919d5513335f5d0aaa1229ae8634b52673063434f046b32d2115de35841329e
evals/catalog/by-id/real_v1/real-v1-staynb-8.json	3872	8b971800024856f8653ae033b8348b50ff9faa2ae09e5ca17d29e7f9996c4c7a
evals/catalog/by-id/real_v1/real-v1-topwork-1.json	4066	4a636b0e426b07a2cccd4d998ec55be8e6d9050d03563e329f40f539356a67eb
evals/catalog/by-id/real_v1/real-v1-topwork-2.json	4272	5c0d0bb45ad3a2a4bddec0e93da64e6809c59d565c40b343d1ffedb0635da119
evals/catalog/by-id/real_v1/real-v1-udriver-10.json	4075	d47916ee0de58837f06ce130ff46968e5511acb14cac7dd57bb014c01ac138e7
evals/catalog/by-id/real_v1/real-v1-udriver-9.json	4091	e7a8a3ac48cf281d324aff192480ee5051e9bec2e8d1405cb84c60cafdbb0f9a
evals/catalog/by-id/real_v1/real-v1-zilloft-6.json	4232	7bdc2c4c05870037a1d1577d4b843791cd279a0eae9c6a8e21e3d71cd50733a3
evals/catalog/by-id/visualwebarena/visualwebarena-103.json	4187	c0ccac92ab260841d1eb3fc3a314c1db2ef9c0ba568c2ad343ed335abbabe63f
evals/catalog/by-id/visualwebarena/visualwebarena-157.json	4158	38f28a2efeac432cd9c9a8ba70e29ba3890119b0cc86d39b11ec796c5d1607c5
evals/catalog/by-id/visualwebarena/visualwebarena-208.json	4266	21fc1e4050976def3b01772f989d23aeae44e5bfcb65ce7f436033a765ad352d
evals/catalog/by-id/visualwebarena/visualwebarena-268.json	4161	b4e93d1ce06b508a7fa6cb5233049262b0c56426ad91f8b9dd33ea00e5c1668f
evals/catalog/by-id/visualwebarena/visualwebarena-275.json	4147	181c1445f3b44ce46f37f77f967dc2e6aa17105dfd03040ed0aefa178c346b47
evals/catalog/by-id/visualwebarena/visualwebarena-303.json	4025	ec39cfa7345470a8b2ce2064e2ce96e0edc441d3bbe8cb8502b74013a08ad59d
evals/catalog/by-id/visualwebarena/visualwebarena-314.json	4012	8c3e6ce359c4c2ff4b3f559d1d7f29175a31ef70cc33ac37ae6f623edab7ac5a
evals/catalog/by-id/visualwebarena/visualwebarena-318.json	4060	62d9c3d1edbc0328b132309dfb4368ce0e21be57d4f77b10527b5175a209e026
evals/catalog/by-id/visualwebarena/visualwebarena-32.json	4103	672c43c63010710c24693856be35a3e18ec4b0c8243121878099c1735330ecf9
evals/catalog/by-id/visualwebarena/visualwebarena-394.json	4177	f32c9db5f5b82b0e2db4539a6a68c6e96da6a4400222b8a2195dc7a4f9ed62f1
evals/catalog/by-id/visualwebarena/visualwebarena-405.json	4025	6dce11bdb4b80ff18fbaae42b4969b596d47d47d4bd7ecc0d0e635d6802ef409
evals/catalog/by-id/visualwebarena/visualwebarena-428.json	4133	884173c570a0b4f11537d4874353541296315d13daf26ecd0d10d3fba022f087
evals/catalog/by-id/visualwebarena/visualwebarena-45.json	4092	150cb86c35756db5343f16964672cbfe47989693ccd3672e66f0a1aca148da56
evals/catalog/by-id/visualwebarena/visualwebarena-487.json	4119	73e6785aa4541b8c9f3f63999cf7eb063c615bd4b4e22f19fdb2fb50ba2f2485
evals/catalog/by-id/visualwebarena/visualwebarena-495.json	3992	aa73a9403ac0170ea3ff4f73ca740d9bec11b9d4c536bfa6b2345288ccf8a815
evals/catalog/by-id/visualwebarena/visualwebarena-529.json	4036	a05b8bc440fc0022829bdff71e8af88887b7ae1e20be8c7a827d7977c9813e5c
evals/catalog/by-id/visualwebarena/visualwebarena-543.json	4196	ca9161ddc2e0d75b68ef2db1ac469836c8ce27779aaab96f2b3ddb3fb226b671
evals/catalog/by-id/visualwebarena/visualwebarena-550.json	4043	0b785d0ec39ce9014c91eba483336997f4c59d6e84facc2e23bf6a62bc731893
evals/catalog/by-id/visualwebarena/visualwebarena-59.json	4082	204219aac2ada6bf3f79102eada8166b2f29d88c757820ee2fa1d19f63bf62b6
evals/catalog/by-id/visualwebarena/visualwebarena-597.json	4055	5aee3b4ab38083a4c95060960c4baf2572f68d4bfad570a5db3665dbed203f8b
evals/catalog/by-id/visualwebarena/visualwebarena-604.json	4005	d5b236f90c299b3bc8470fa9de7da1e0a7c32f3ccebf58c46e640d4473c83354
evals/catalog/by-id/visualwebarena/visualwebarena-625.json	4037	331113808034d784c3e05745f88272c6fa6e6b682082148663b1d0730544713b
evals/catalog/by-id/visualwebarena/visualwebarena-633.json	4113	7828a4a6e0938b6daf12cc68d4b56b86869d2d331c4ad360677078c6fb551ad7
evals/catalog/by-id/visualwebarena/visualwebarena-635.json	4137	f80a6f91867da9537bb6b3bcb86882c4e03016793c4a0a80323dac06bd81198a
evals/catalog/by-id/visualwebarena/visualwebarena-657.json	4053	856efad4086ec520e2aeb3ae15a4be0ce240a13ff2f44d80d91d782c66cf1ea8
evals/catalog/by-id/visualwebarena/visualwebarena-697.json	4051	0bda75f7ad374c51245c2426972cc3e4d901fecc6515081e581c526c0e1ac173
evals/catalog/by-id/visualwebarena/visualwebarena-708.json	4367	854cc1fd545a2b02ea38036631a7060952748404b2fff9127e9ad4abe1c2c339
evals/catalog/by-id/visualwebarena/visualwebarena-714.json	4181	51c66cfbcf0c4fb0392e249f7d42e5c2e682aa105302a1ce2adb9a6dab81ce25
evals/catalog/by-id/visualwebarena/visualwebarena-73.json	4113	4ef22de474b82e74c1b18fe713e250eb5d0a8063b9fedf0764848ca3accb6443
evals/catalog/by-id/visualwebarena/visualwebarena-88.json	4175	157bdd467b8d60d6e042722353b220e00a73835f5fef3b8be928c90b0a81bb9d
evals/catalog/by-id/warc_bench/warc-bench-online-12.json	4199	0697583f4e17611f4402b527b3f425c249bc83f21522675dfa1b192724d826aa
evals/catalog/by-id/warc_bench/warc-bench-online-13.json	4123	85199cb8dcc4b81113658f77bc3887e4ef7d8616616eb1f67df5fff090ba0d1e
evals/catalog/by-id/warc_bench/warc-bench-online-14.json	4302	cd84b4e7900b426b294fca09b4b1d8b3d3522387f4562d5db51edd387ed8c15b
evals/catalog/by-id/warc_bench/warc-bench-online-17.json	4222	b52627030521517ab529e2b2b339ca00d2f3093c245de9d56f63ccda455667f2
evals/catalog/by-id/warc_bench/warc-bench-online-20.json	4131	bb1fb8506070d986881e15eee33fbcb37d02f10f906c6db473032c37662f1dc8
evals/catalog/by-id/warc_bench/warc-bench-online-23.json	4199	04bacd99bcc6d6949968c37123b08b097c661cd13b862958066649aed2dfcd7e
evals/catalog/by-id/warc_bench/warc-bench-online-26.json	4207	586b29e6ee4e236b31f3fe6dd50c04053d4a4667d9d6cc0333311431da7899fe
evals/catalog/by-id/warc_bench/warc-bench-online-27.json	4141	8f71293a6b9ac69ded77811de11790b1ba6eefe083d89bb090f18c4aab30466b
evals/catalog/by-id/warc_bench/warc-bench-online-28.json	4141	b7de42eb63497510ac367e87794ee1028de4da3c3d4c73e1985cf08bff62a237
evals/catalog/by-id/warc_bench/warc-bench-online-29.json	4100	c7ea835a5e05f1672d7c4b1dd2af3e7a8aca27f92db5f0b496ea308083228810
evals/catalog/by-id/warc_bench/warc-bench-online-30.json	4188	34c26743d3d6c610347cffdee71463f774e7a29858150edb1df3d85963d6215e
evals/catalog/by-id/warc_bench/warc-bench-online-4.json	4227	7d0047ee88804c7a12b6a0ebaf12e94c5f5464fb958ba9b4f11f78c80b799ebf
evals/catalog/by-id/warc_bench/warc-bench-online-44.json	4195	b88847b3f16aef797def5cf68c854b0dc59a10fac1273e74799effd4b341a734
evals/catalog/by-id/warc_bench/warc-bench-online-51.json	4216	d633de1181d529d80b58f197d20e9e562f736c52c7ebb1437ec7eba5d40abc72
evals/catalog/by-id/warc_bench/warc-bench-online-55.json	4111	8ed17ff308be275c2c27208e88f2ea0b51800997fb635233a59979f705902a4d
evals/catalog/by-id/warc_bench/warc-bench-online-57.json	4160	0862486a11cfa5825947ff5865cbacfda41f286bf4f01c0f4058be7866573aad
evals/catalog/by-id/warc_bench/warc-bench-online-6.json	4224	c40768117261b1aebd55123c6a8558408c6cf9baf136c95a47fe535d40bceb8d
evals/catalog/by-id/warc_bench/warc-bench-online-7.json	4298	6084379147b5e372c8589629c2ec7a8b67f11f97bf49eb8d87698acb8d7a3662
evals/catalog/by-id/warc_bench/warc-bench-online-8.json	4235	d60ccd74cfa7fc9ffab8b11e124b70388c66cf7553a387c2d74e6b848fb9a417
evals/catalog/by-id/warc_bench/warc-bench-online-9.json	4186	7b30499abdc18a7b5bf6addc128d6aca4d328fbdc67ec95559337ec6b183b38e
evals/catalog/by-id/webarena_verified/webarena-verified-423.json	4244	c0204ab3aa08aa117ed65cd794f6f41feba6b4c864db8224ac370fb58d0d1635
evals/catalog/by-id/webarena_verified/webarena-verified-436.json	4394	01fc4f3f2a0133cc04e5db78268f412489b2b746d640cd3a7ccc9fbfc7f450a7
evals/catalog/by-id/webarena_verified/webarena-verified-441.json	4584	55db1e6e5553f8854c1706fd961a1d8abb87aa5234c4ca7d86b3fd420c4d7e4d
evals/catalog/by-id/webarena_verified/webarena-verified-447.json	4331	1e47df404d6755c2936bdcaded7a40a80701dd4f62c2b8e2bb6be3df821b7368
evals/catalog/by-id/webarena_verified/webarena-verified-459.json	4276	f8e3f031cdb068bf6117d6cb2920150d78354f1fc8606ee1d07c0413716514fb
evals/catalog/by-id/webarena_verified/webarena-verified-470.json	4174	c038df92b5cff04a2808efeb429fc749ad3bd4f82349af545b858778212cddb3
evals/catalog/by-id/webarena_verified/webarena-verified-475.json	4301	5921adf1cd4df95c559123bc03ecc371f71f866c1e5270431a18a6ba49821f98
evals/catalog/by-id/webarena_verified/webarena-verified-480.json	4277	f777afe844262a5404dbc07e5aaeb356ecb2f5c9aede2b3e98b2aa8583d09d4a
evals/catalog/by-id/webarena_verified/webarena-verified-486.json	4365	b26f62c88cf1476a608c700f3b2d9b4f7035b0406d74a78830dad9c210d127a6
evals/catalog/by-id/webarena_verified/webarena-verified-491.json	4450	5d6db9728548c0da475462bb477ebfc64a31aa2f4d8928526fa5c11ae85d090a
evals/catalog/by-id/webarena_verified/webarena-verified-506.json	4599	f7962407a6d679288915a328f890dc9e5508c3ec0e0ca9e1ac70ed8eeab487ac
evals/catalog/by-id/webarena_verified/webarena-verified-510.json	4605	f8b63d5c36f86e0d0ef0c6a234356971d860b7bef237efd82b5be0822e76c2b1
evals/catalog/by-id/webarena_verified/webarena-verified-531.json	4632	2d404b5bb334ea67e4798ca22247381b7dc51443c7623c274c511e8bdc4a91f9
evals/catalog/by-id/webarena_verified/webarena-verified-543.json	4610	5f4b26a335bd6a233370adaafff8f99e959b9fc3e02fe126f95767f0167ab75a
evals/catalog/by-id/webarena_verified/webarena-verified-567.json	4346	fca95a75098c9f59ca7249e95e2fb74403e632d9ec80ea27e3f87eacf2c49d1a
evals/catalog/by-id/webarena_verified/webarena-verified-573.json	4406	ddfb7f867e30357cefff99c2c172d874bf4d87f13b158bcb4fa7c116510e1ae0
evals/catalog/by-id/webarena_verified/webarena-verified-580.json	4582	35f00683cd7d0785ffde53877584e482ca539b4de46a684bd365e51ca8c2d3d7
evals/catalog/by-id/webarena_verified/webarena-verified-582.json	4408	bd5f1cd824e310dc02548e1297072c0c28f01d82e57c2a803fb158e6b0d00006
evals/catalog/by-id/webarena_verified/webarena-verified-588.json	4466	873fba7c0f3c8405f2683ed056308c28b97bbf5bb8c577db7c6a61cfcbe479b6
evals/catalog/by-id/webarena_verified/webarena-verified-593.json	4539	9ae02179314074ba2b4a5bf30140f51ce2bba06d6aa8438139ad027a2bf8e539
evals/catalog/by-id/webarena_verified/webarena-verified-595.json	4282	15fd644f11a7c7b90f41d8745a2dbc03f8556be797624e0cf11e3b7e90e58ca4
evals/catalog/by-id/webarena_verified/webarena-verified-600.json	4384	141585f4488c75224ef2d7770c7d6943c5493a75a699191cb5ad7ba0adf6705a
evals/catalog/by-id/webarena_verified/webarena-verified-605.json	4394	b1a13444f57164a46183980b5536ebd3c65f13bf4f82474bb7c270d33218dc9e
evals/catalog/by-id/webarena_verified/webarena-verified-610.json	4572	e8328fcaa067c7577b5c1acf20c82e1fef60fc77df51f592ca851540a611ebe2
evals/catalog/by-id/webarena_verified/webarena-verified-615.json	4474	717b230c020a5605f2659e7656026e776120f7592b9ae20710113a24a016be61
evals/catalog/by-id/webarena_verified/webarena-verified-630.json	4507	7f0cab648990386c4e0d4d186cd694466ad21cffec5d902f542eb67834f48605
evals/catalog/by-id/webarena_verified/webarena-verified-661.json	4348	fa62bd53a6431ddc1b3430256214e5074af2bc78230cd1dec0217c9c472b04c2
evals/catalog/by-id/webarena_verified/webarena-verified-666.json	4417	5f6fd2a2a5f2a8450fc69cc266d2f4e53e348fa808774a1a861b01b35cb52762
evals/catalog/by-id/webarena_verified/webarena-verified-742.json	4361	578ceedf889f88136261978c52e2cbf20762b4ef67a5041fedb27f0c2601e27a
evals/catalog/by-id/webarena_verified/webarena-verified-794.json	4348	84c16558a7fd31b140bee98513e1f01b764eac8c9af6b7369431916f83818c00
evals/catalog/by-id/workarena_l2/workarena-l2-amount-based-expense-management-medium-l2-seed-121.json	6149	89d1db5e990a978a8252af692be9032e243c913f0e523934efb1ac744ab53212
evals/catalog/by-id/workarena_l2/workarena-l2-basic-filter-problems-and-mark-duplicates-medium-l2-seed-102.json	4912	7800589c13296734918ff5bb73fb9717f65b3867daaa93d72dc12340dcb290bd
evals/catalog/by-id/workarena_l2/workarena-l2-dashboard-retrieve-catalog-and-max-order-developer-laptop-l2-seed-860.json	4991	66505ae6b34592a7db5d9cd8b88ac860200fd2e37a3533d57f50a1e0818a125d
evals/catalog/by-id/workarena_l2/workarena-l2-dashboard-retrieve-catalog-and-mean-order-development-laptop-p-c-l2-seed-121.json	5002	b2747d806aa32c1766c62de6bccf77b8dab81dc640b57be28484992512674b3c
evals/catalog/by-id/workarena_l2/workarena-l2-dashboard-retrieve-incident-and-max-filter-hardware-list-l2-seed-700.json	4985	e683d1cb9180b81dde5525a74abe7a5c96f44e73cbc77f86386b71f82f742df7
evals/catalog/by-id/workarena_l2/workarena-l2-dashboard-retrieve-incident-and-max-request-apple-ipad3-l2-seed-614.json	4948	f751790c7f1070bca62ce0de11a76bf553768e336fae7d168477242b736d28d1
evals/catalog/by-id/workarena_l2/workarena-l2-dashboard-retrieve-incident-and-mean-create-incident-l2-seed-121.json	4931	28153c8da79ec631b31d3a379ae25dba0811891fe2707bfc6fa6107e926bf65e
evals/catalog/by-id/workarena_l2/workarena-l2-dashboard-retrieve-incident-and-mean-lesser-filter-incident-list-l2-seed-121.json	5003	b2a2677b4105fbde902cec45215f8906f34df827c0cb4b89e4f7978a07d8d38d
evals/catalog/by-id/workarena_l2/workarena-l2-dashboard-retrieve-incident-and-median-create-problem-l2-seed-121.json	4937	48f3c52aac199eaae51f565b242415de8ecb4f5edee91f53f280c334484845d1
evals/catalog/by-id/workarena_l2/workarena-l2-dashboard-retrieve-incident-and-min-create-incident-l2-seed-270.json	4925	a525db3396cedde1696870802b305de7405f2765ee6a988a8f02ca14fdf6e690
evals/catalog/by-id/workarena_l2/workarena-l2-dashboard-retrieve-incident-and-min-create-problem-l2-seed-106.json	4919	696da30a5b6ecae8bec6e9bc0943800b4cc860e5f17398d24d2a00a6db69336e
evals/catalog/by-id/workarena_l2/workarena-l2-dashboard-retrieve-incident-and-min-filter-user-list-l2-seed-71.json	4927	bbddf9e04f8ab3492e08251d293c2899f2a363a191993a74d010b43bbcc36705
evals/catalog/by-id/workarena_l2/workarena-l2-date-based-expense-management-medium-l2-seed-121.json	6106	b8f4762731b1fd3552430d110456707328233c38eaf5f918b348664e3bc7cb83
evals/catalog/by-id/workarena_l2/workarena-l2-filter-random-expenses-and-delete-wrong-investments-medium-l2-seed-121.json	6955	6dbca76b4f64d9bcff10064846ef855dadf9ee60201344a216e9edbdf0bdf7a7
evals/catalog/by-id/workarena_l2/workarena-l2-filter-random-expenses-find-total-return-and-select-investments-medium-l2-seed-121.json	7027	0009466faf4c0f657752e6cd8363ca71f50d12c897585fa9e98764e8d2d9b7a1
evals/catalog/by-id/workarena_l2/workarena-l2-filter-requested-items-and-order-standard-laptop-l2-seed-700.json	5272	f93417990b41e87329a1d7a35fd1378fdd478a32d25058578835a9cc4395b38b
evals/catalog/by-id/workarena_l2/workarena-l2-filter-three-items-uniform-expenses-and-select-investments-medium-l2-seed-121.json	6997	38645f483824e2f9a83a767cf256d3d1204c3be6fd39f2f9199980177c8de58a
evals/catalog/by-id/workarena_l2/workarena-l2-get-warranty-expiration-date-l2-seed-860.json	4768	296f07ae3e2f98276386bcaae190f6acd77ec72238100bf506c956d196e3e2ed
evals/catalog/by-id/workarena_l2/workarena-l2-high-priority-filter-problems-and-mark-duplicates-medium-l2-seed-435.json	5126	69cda8a0a3b34a0cbd79838388b1c83fad9944e2bb431a6fee59391f83438eb7
evals/catalog/by-id/workarena_l2/workarena-l2-navigate-and-create-hardware-asset-l2-seed-466.json	4814	e1515a1d36957d30f6bff68d7c51728dbe78b4c607449ab9bc5e4c616c978341
evals/catalog/by-id/workarena_l2/workarena-l2-navigate-and-filter-user-list-l2-seed-466.json	4780	e3fd41e735c768dd962929723f42a9375c61707e287cc17665e21a56a749cb21
evals/catalog/by-id/workarena_l2/workarena-l2-navigate-and-order-apple-watch-l2-seed-466.json	4790	b6c0fac751c31e9e77eb99b655783e1ca944cd8cc0c285dbc4aa0b31d7c5979e
evals/catalog/by-id/workarena_l2/workarena-l2-navigate-and-sort-user-list-l2-seed-466.json	4766	43905b08200f2d12fbd1d86c550440c09c5136222093357cbf90504253cdbfc9
evals/catalog/by-id/workarena_l2/workarena-l2-off-board-user-l2-seed-466.json	4692	6a6a16b26cff9244b997ff9f64686b2a6fd24d1475773f56b9dfd884238cfa68
evals/catalog/by-id/workarena_l2/workarena-l2-on-board-user-l2-seed-466.json	4686	4948f9d30996813ce8ffa1974d6ea52795f6a4ed1ab39c3c16a8241b7a2965d0
evals/catalog/by-id/workarena_l2/workarena-l2-priority-assignment-medium-l2-seed-102.json	4726	73e18f995aa21b7dc2814cee168490c04598385ee0bea9710759bf2c28f9c34c
evals/catalog/by-id/workarena_l2/workarena-l2-three-changes-fix-basic-varied-risk-change-request-scheduling-l2-seed-435.json	6759	a3a12526e433b30b12b8bc4204cc208c9b6e110826bf3ff05085d41e6c829787
evals/catalog/by-id/workarena_l2/workarena-l2-two-changes-wide-basic-uniform-risk-change-request-scheduling-l2-seed-102.json	6728	904ead22d108c58a0c39c78902e8a6a0b5b7e3845ecff10be1b585cb1b95a71a
evals/catalog/by-id/workarena_l2/workarena-l2-work-assignment-medium-l2-seed-435.json	4702	3c9e74b786909cdacd38ed94c1696e383ccd3c63fc260939b081fb2d39bb1600
evals/catalog/by-id/workarena_l2/workarena-l2-workload-balancing-medium-l2-seed-102.json	4721	a3a5d67ab921822f8e6c7fe815fad56cba895940eb4d34afe095ecb21671c6d1
evals/catalog/by-source/real_v1.jsonl	113505	9cac8dbc7ec075e9611690730160fd235b626c91c70b7db66a1c0654bc9b699a
evals/catalog/by-source/visualwebarena.jsonl	111601	4da99cea4b9bac8c2194535d4726cc69b9a12400e129e23f6862346beeda57c4
evals/catalog/by-source/warc_bench.jsonl	75821	4be09cdc9b68cf5baf73807833239d49a550634b3eecfc6b80b051fba11785a9
evals/catalog/by-source/webarena_verified.jsonl	120236	3727ac18447ac72af0140be3fa6341a0e8a7b6017f987893b5d4906f37b9a341
evals/catalog/by-source/workarena_l2.jsonl	146952	fa792965c744834d5d20af282d270901b439f9589f8328877bc2fc2373f694e2
evals/catalog/task-index.json	655157	213eced434a09baa522a7dc242f5afa7b1dce100897ed4c37d2f2d4a99e10993
evals/catalog/tasks.csv	71053	6b4b38b0826625982e1021b47d8b0950a6f58a62e6836795390744bf8e882086
evals/catalog/tasks.jsonl	568115	5b77be689b0dc657102111c747e2554757d58db0abd5c8f1e74747432f5d12fa
evals/config.example.json	1172	4d86bb6d69d884e7f14d0473857f9b5d8ee59280072df5a6c32f608922330ea3
evals/judges/roles/adjudicator.json	650	8049492bc0e44b2ae7c49b8d085d7bbf8dd40fde54b641288fdc4b8c5e42c585
evals/judges/roles/completion_cross_examiner.json	1961	1cf6495eaa765a655257575a4f0387b9f63e6a8aff72efe67a788e312d1fb7c9
evals/judges/roles/implementation_activation_auditor.json	1605	0c8a80866c78b586523be67a44239eeb4ea2d46f2fc52ef646aa6f9c4faca63c
evals/judges/roles/root_cause_analyst.json	1915	4d65cc844987c34cec0df044332dfeb301d9df66b47ac4df011422c91d69183a
evals/judges/roles/side_effect_safety_judge.json	1741	9eba81c80a3e965c0ceea1fefc8a4845efca855eed676608d5fbab9234c71281
evals/schemas/bridge-result.schema.json	902	3bb5be67f5dde76354d6cba752024d8b08ae695f7e92c959adae2349cc73db09
evals/schemas/normalized-task.schema.json	2629	1959ae94a602914966dfebc844ead1d1964e214ea92ff91b6e02054d89074232
evals/schemas/run-summary.schema.json	1067	a56796eeca5fcdb167a6261d84c6f38d70c206e0348251d5d14db8ea62744565
evals/schemas/suite.schema.json	830	39ba144d00ac4130b3be9e6c8ac4806d7ba928947fa449cb33452b2cae4f7283
evals/suites/candidate-pool.json	6316	0d64b8b0590269401160cbcb0242f5d3722cc6714c6ea3c276fa64e6208a9f6f
evals/suites/primary.json	6342	f952fa50d13e084cfbfc04aa6f8da458b774849d46a926a2cc0135e6c65028ce
evals/suites/regression.json	1760	c334243a5f9c76d7cf0b131f27a8ebc5e6e92c902b012fe3d9cdd058f9371f68
evals/suites/smoke.json	1716	c9d136abc14e8b3e22845346a020fd56892fab5b401b4a3df634d6222d6235a0
examples/experiment.example.json	2012	f841080ccb846b9eac18257b6ed88d371e107916e09c7bff1b73d8e632a5b89c
examples/task.example.json	1402	cc0f653ab7c5f231dc663246a17172b896dd1349aee64761f79431b19333e383
harness/README.md	846	36f68451f5424ee77bf97cb2edcebd8e4234178fe00fcaa4a5407c5d41cbaf71
harness/components/actions/action_contract.md	439	b0f409f6d6f6dc92cd15c0f0bac6948bda81ebde95091034542a709fcfae43c1
harness/components/actions/component.json	350	b2dfd1ab19899884001ce949d5730769ec9b02823d38f21fac03c18c325a0b64
harness/components/memory/NOTES.md	54	adf2424345de481b086c17ed8c44533ed39490d839f488e75b1a70ec300fd4c5
harness/components/memory/component.json	290	cb7d661aee59cacf172efc46a9080ca9cd8c7a2f927f6634103efe881774064a
harness/components/middleware/NOTES.md	86	f20ce1d5241bc8e699832c8964ad6a32c1e73a54a6426a2edf3ea82dd2b715c0
harness/components/middleware/component.json	319	31a8c1eb74ecb185e7213586d39f3a80749f0c8e9a75258ebd47ef68d030e2dc
harness/components/observation/component.json	400	1c8b4a10ce5d7765036beb34fc92d3aedb5b733942800c9c02130b834d9cc348
harness/components/observation/observation_contract.md	487	2a66d001ab66500322eb9c06900d0cf438ee5b9509959e31df9e2b19d82f0bc6
harness/components/policy/component.json	282	007d554d54712c587d44180eda7ec4808c4a6bda3ab77f7a7405a4768c41d228
harness/components/policy/system_prompt.md	447	bf9abcc901d4cea383785802118b6a0a2f1d5b686f23444b8f136a8056c451f5
harness/components/skills/NOTES.md	113	6d3ed55931f5def092217db9b0ef78d665961e28bf2ef7e9f974af24a966e3eb
harness/components/skills/component.json	265	07a02d168c8a30e4dac11ea87dcd737944b73000c00ce31ae5f6e40cabc5cbed
harness/components/sub_agents/NOTES.md	15	f40baf449ed59a3997be8f82c29b9f6dca1097b766f78f53ab9d6e01e463af96
harness/components/sub_agents/component.json	252	02d701d910ad816edbdadd155361d1da74539c4311a3b2e77b5aca8e1e494885
harness/components/tool_descriptions/component.json	339	6b9394a487d91a4fb236d9334d5386e842c89f856a4bb2aed8369043a15226f0
harness/components/tool_descriptions/tools.md	166	c4099d4055369f09df5b9da225280d47f9377925f6f6f0fbed39edb91d2310df
harness/infra/README.md	344	e6b6703fcfd3132e5ab22228957f0146a8f98cafe64e788180148564b8f9891b
harness/lanes/structured.lane.json	291	f1fd26c1396a2af1b838b518fd26716412fd467078948e0b67f694b06eae5941
harness/lanes/visual.lane.json	261	460f5e7b625e3d9ace603495e91a7f381bba5969a5fecfb0334c92509c91d065
judge_harness/README.md	4350	8bc1b96a134a16f499c0e63eb6113f94c59d696ef1e81f92baa69a272926b184
judge_harness/pyproject.toml	435	f1eff35acb4e3169982027d3e752943f7f514a441ee862a9e65764d2ff37cc39
judge_harness/src/opti_judge/__init__.py	1121	5092831f2b25928e53cc4f2ea1677718333de8e0c6785356441213bab400cb2a
judge_harness/src/opti_judge/__main__.py	79	307299fda7b77d22c64cb51430ec75e5f59d78e9c948786afb3b2544fe45e4b7
judge_harness/src/opti_judge/cli.py	7189	8635004eff7cc6fa05d5b59bfb30c78ff20d1f42c43538848ecff4fc2ac92616
judge_harness/src/opti_judge/corpus.py	6842	310b9af69eeb3a93c78732a06a7846c59e535321722c519b9539fdbfa4b5153f
judge_harness/src/opti_judge/evidence.py	4613	5dace252fab3c8e69bea6d9c410d894b1330de247de39d5e8214358df5867d6c
judge_harness/src/opti_judge/llm.py	4627	e2c1372b22e8c5a5200334329538f6bdcdb26db6aeea0b0a9bfa3f244ff53060
judge_harness/src/opti_judge/panel.py	8095	483091d0c046833aed54423ce83948d558d08a9e9d4135af4e9a0e36df559067
judge_harness/src/opti_judge/probekit.py	8426	aa1914155ed32bfa9ccce226e91a2b3f8eb6caa99b1a6892dad56eb6889ce92b
judge_harness/src/opti_judge/quarantine.py	6145	9a7104b4aac5124d1446d69f7c8b87ab35894d98aafd00190e391fd21c64d28e
judge_harness/src/opti_judge/router.py	2500	0221a4460aa776460556f0c81f49c78e359381deba7daa03f2e740a4b805d1ff
judge_harness/src/opti_judge/t1_checks.py	10430	97099ba063f85060a0d81ae742bf41f57499a4fe6e66e1456501bc721e0bbfda
judge_harness/tests/test_judges.py	22904	dd851b5ec4eb32699076beceea6e6ec6d0167645ea76e31a8e2d49ca1171e9f6
loop_harness/README.md	6604	a9e4a9914b6780c9dc8ea2e22350116b4ce4351cd6f270af5396030755f3bb2a
loop_harness/pyproject.toml	426	c5aa012f1ba194d1ab61873a30dd0f4f2efa9ddc3c9bb3626617a8ffe521d943
loop_harness/src/opti_loop/__init__.py	758	527ebd7155c412403c8c136bd51950118518bab03556712d4440049b37fb1e93
loop_harness/src/opti_loop/__main__.py	79	307299fda7b77d22c64cb51430ec75e5f59d78e9c948786afb3b2544fe45e4b7
loop_harness/src/opti_loop/analyst.py	4113	c86735d1e2fbc55d824e1e2d5dbaf4fe7544aab1c4d220230e93c6d8becdd817
loop_harness/src/opti_loop/attribution.py	3571	d7017cf9cbc5e9a728b7ccaa8e0916954f4939919ca98fda32125bad3560f45c
loop_harness/src/opti_loop/campaign.py	6292	f2d46da329e020c307992b612ac3ce9ca35839da6e8a3f189096489cf70d96f8
loop_harness/src/opti_loop/cli.py	5601	c8b7d1cf50461d69657733c3394ca0f6de41a2783b172cc9ad09b11375e8489b
loop_harness/src/opti_loop/clusters.py	4077	b980d274fa524603e115108d63a3756cd778c3785f432896acacc21541de0a83
loop_harness/src/opti_loop/compare.py	9314	bb3bf67a567f7259f7ab88ac22287aa4041bbb4022c39229fc061a41c8606b90
loop_harness/src/opti_loop/conductor.py	22263	81219d1e60d8afe9b1688f3aa88425e87b056950f55d3e2f522ea7a26098f564
loop_harness/src/opti_loop/eligibility.py	6480	c00a997d9669189a84a8d449c638a4aba9579261977bb63e650165e78359a6f4
loop_harness/src/opti_loop/evaluate.py	4420	214658a85f360fd76297641029a0df395088a9010162952a791414ecea01a07a
loop_harness/src/opti_loop/fileguard.py	4549	71952e550358be298f410d18e6aac41cba40b91fecabd82474758991f3e0a5a0
loop_harness/src/opti_loop/gates.py	11681	088e5bd46b6b03240c022c34b8e968fad74cf1dcd743ac13d8013785487f308a
loop_harness/src/opti_loop/gitutil.py	4031	0b6014af0ed7f3cb5aad26ae26a47600954a2f9ded1443398d60a7b7727f337a
loop_harness/src/opti_loop/ledger.py	1909	b4857c919ba719db904ae274aa67ad546fa25437f15f81dc6c64692eeda3976b
loop_harness/src/opti_loop/lint.py	7418	46bf5ba4907a9c51972bbab4a369cc9b185b68627754889b166fd2f567e9e5f3
loop_harness/src/opti_loop/manifest.py	15699	d69eab79d7eab16014dad0fa8709d402c5bcffde9d7e029fa302d4abbe65e43b
loop_harness/src/opti_loop/packet.py	3909	f4136afacf31743e04ac8499e126a577102a3986deb8e48257aa235c22bb0949
loop_harness/src/opti_loop/registration.py	3674	13d4cf1c9f660726a07268978ae188e9c4beb629a7a7641d05642942a7a2c4d1
loop_harness/src/opti_loop/store.py	4371	fb4e09bef8a63f29a4ff4a7d3ce67155baecf73212611983bb0d7f76adfa3d44
loop_harness/src/opti_loop/transfer.py	3822	ab5f3d27feb075a4c51e15c5bbde08a2d654c52af45d22c4c8d19fe00665cd7a
loop_harness/src/opti_loop/verdict.py	2230	81b726778b6c7779bb9380bb5ebf1c361d86c7278b9e5bf89f5dbe17ac9d3969
loop_harness/tests/test_e2e_loop.py	19722	f7825f2490b219a8b775da8ae775d019298a9562927c8500bf2d96e3f5184a50
loop_harness/tests/test_manifest_contract.py	13812	da8ad129c716226b6c1cf06d6c3823d57c886bcb3adec2edc88847346960ae2a
loop_harness/tests/test_units.py	16442	1ab546e1344d00d78f2b537dc111ae2730984641cda44a96aa8f3e2adc19ff7d
research/README.md	932	8c33b4037bcc01053cb4183a2ded2a5d31530212a253b3cd2b9c3ddbf64bdb33
research/benchmarks/2026-07-11-benchmark-source-selection-report.md	27327	c7d4e5d95c836a9abf769c69ad038a53649fd8e3f7e55793dd24e7720e7dd348
research/benchmarks/README.md	1583	8dd5ec14e44835205063345643403f3b2cf02ac6367b2ed60cb7cd559c90b981
research/benchmarks/TASK_AUDIT_TEMPLATE.md	3925	adf105933864856fe054512e895a6aa85d9f8b663edfbcfb2bd708ccbe1fd6a1
research/benchmarks/benchmark-candidate-matrix.csv	5728	b2728e503a3aa25999aceff964c63ce6cf57727a4ab9c1e88dc80a34262b7636
research/benchmarks/candidate-benchmarks.yaml	11153	e328ab6eecc7a4f0b55b442bb6bc36604d07d975f533d43b5ce3524c6f2b0453
research/benchmarks/scripts/render_candidate_batch_1.py	6429	f859b5201c7c6213c3cd363cd5bf13ff6274ee1bd284309739848f24afe587d6
research/benchmarks/scripts/validate_candidate_batch_1.py	6001	90a6e0c12c8e07251ff9321feda33eb8072c87240f5d9985b1dc0f72a61c25c0
research/benchmarks/task-candidates/CALIBRATION_PLAN.md	2057	614d0d5c92f9a80461f002e28791dc94a8342c1b0f21f78de852f4a005cd6ba3
research/benchmarks/task-candidates/README.md	2299	947378738e5019d5529ab5d8acc3a698499521dade2cc3e02909d7f41b31d082
research/benchmarks/task-candidates/UPSTREAM_LICENSES.md	1897	b5bec2fa801504f493181f833abffa1431295425b0914fc7bb2079a30683a39e
research/benchmarks/task-candidates/batch-1-candidates.csv	145977	295abd6617082820b09b1b10b9e70beb9ed12ae0bc1f3a13c84f5df2eb072f4a
research/benchmarks/task-candidates/batch-1-candidates.jsonl	238006	d1a871b803ed2af94565f6d5e94f4f4a66178706e2ed684f03572a4ea8d6d51b
research/benchmarks/task-candidates/batch-1-index.md	30658	ca7ebc7f9760a2bfd3f8468e0f5914305ae1643c4daf4b49fc7ed5cd8b16b2b3
research/benchmarks/task-candidates/batch-1-report.md	13008	c0cc49e0c0237f5e5231e1556b6d552264ae681a0fcf985e6fea9b65b6983a5f
research/benchmarks/task-candidates/batch-1-selection.json	13922	91c4aa1673bd64e59960eb1960e4baf59ff4f75e2be1c3629977ae20b23dbebd
research/benchmarks/task-candidates/batch-1-source-audit.md	2803	96ab48d7e2fd2e2c3ca43e7083f45f1909a1fc58bd48cf518de20c47b304c1d4
research/benchmarks/task-candidates/batch-1-sources.lock.json	5810	34c2130e5944f330005bbbb5f5f1f615ac49a7d202fc11066ae0a00d0ae9412e
research/benchmarks/task-candidates/batch-1-summary-by-interaction.csv	1763	b3c3e75aafcc9df16cda0b1384191e63491c7788b9f0da3dc3dbd2bfff24c0ce
research/benchmarks/task-candidates/batch-1-summary-by-site.csv	596	e04cf991b9e1194c48c0ba4a1d718acde46380d4ec6d440be2fc15059b1de6ee
research/benchmarks/task-candidates/batch-1-summary-by-source.csv	409	3f29f80795dbb6b1a0fe5331c0f6c825a1559c61d8c179b9d8554448f0af5e1f
research/harnesses/README.md	364	66292273953e2aebe8da840d8e30fc47757e837d07d4925a9c53cef42c70d536
research/judges/README.md	372	60692d6fda2396de91a037e0f6f383aafde3ec5d0bd01592af45f61219ed4935
schemas/experiment.schema.json	9255	10d8a98282b0819e53957600f52b261facea530a264fc965aef3047048a21801
schemas/result.schema.json	1698	0014d108dfb06c7df25aeee6a7021e03b6d76d18047599008bb2a6b5c8e3031c
schemas/task.schema.json	4176	a5e3602ee3c63b514561810aaa7c57747ae46d6913cd8a8b26153d608d12d83a
schemas/trace-event.schema.json	2296	ff2465298756ff8f6c1510291f9d08a05de78cf98cbb0975e42b5a2eaa1b5da3
scripts/build_eval_catalog.py	12220	32124234ebc38a704ce834d678766d4de11796d33c3979766dfe0d252898c962
scripts/build_file_manifest.py	1878	9994ee242a3dcc6770043aa401dfab6e6be7d1ddebe1d0e41420a056fefa7626
scripts/build_repository_archive.py	4930	44f41b05a8038ad5f13d2717ce92bb3192a7bcb51b1b18340076d5a464d6a1c6
scripts/experiment_contract_corpus.py	14530	e1d57a56cd308502d4007b03be10ad2643c6b7843aa64b4d3ed32a2dda3e0f77
scripts/validate_json_schemas.py	11684	8de6bf2ddfabd5c4c125c38406e39de1f75adbdc426c06a979d4df67a834f042
scripts/verify_documentation.py	13098	395312d1c62d3113f7093d236b66cd7dbbabd0f5791ac1df0d1aa59d51ab7a56
scripts/verify_file_manifest.py	1300	41161de2d7fa7ecd81c538d2ba9452792043e2318e685ce3fa742a05f32587ff
scripts/verify_repository_completeness.py	4414	1c5c26148747a25aec224dcda710632faf82fff2d650004604d5a333a15c3aa2
validation/README.md	2579	1e6e55f9cda372af382a846c21782da7bfb84b875c7e197acb73553926eb6b29
validation/command-bridge-cli-output.json	733	08efadb668e14e606fb265b97991ff6bf1c99cd3c20fd27796eacd33c639cdd5
validation/command-bridge-summary.json	733	08efadb668e14e606fb265b97991ff6bf1c99cd3c20fd27796eacd33c639cdd5
validation/compileall.txt	24	85b17dc2a035608933febc0191550e42fd4e7fef2c8639157459cb207579c0f7
validation/completeness-report.json	1306	fb46ba09e24da1628d32961a7de9d62fafd9484b2d7d39dec7a8574495719b9e
validation/documentation-validation.json	592	97e46f6b3a0361ac6409b513112f1b844299e0fe0628bd2d31c8a44035bd848b
validation/fixture-140-cli-output.json	1663	b2c4bb9a3d22ae309e8ca53f7a8730b7c9b8818b12de904904447c473e87c4d0
validation/fixture-140-run.json	7665	a7a3b8101adbcc85666c6236057f62d98ef566a482bb3391e4ef6250c365f71d
validation/fixture-140-summary.json	1663	b2c4bb9a3d22ae309e8ca53f7a8730b7c9b8818b12de904904447c473e87c4d0
validation/install-check.txt	69	a1706493d682cfc93362945d006c0578652f10f9fbb998d55bb46c10f05fa948
validation/registry-doctor.json	1068	cf2e02d130592160b7c7e26ff3a4840248e3182c469726fd6b20e26cd34ff771
validation/repository-validation.json	433	b2b50cc8feba79b8cdaddd8482ac0d580af500165a69c4cee28b98657219dc8d
validation/schema-validation.json	19067	0e40cbd841ff45d9b6db6d7e23829faefddaac310619e418203d98c0f8dc827b
validation/unit-tests.txt	413	319481c7a3e715bbbd572518510e3617a8dd67b4e8d63284257754f042156118
